basal_pattern_accuracy,basal_pattern_precision,basal_pattern_recall,basal_pattern_f1,basal_pattern_f2,basal_pattern_auc,brugada_accuracy,brugada_precision,brugada_recall,brugada_f1,brugada_f2,brugada_auc,sudden_death_accuracy,sudden_death_precision,sudden_death_recall,sudden_death_f1,sudden_death_f2,sudden_death_auc
0.8181818181818182,0.3333333333333333,0.42857142857142855,0.375,0.40540540540540543,0.7053571428571428,0.8909090909090909,0.7272727272727273,0.7272727272727273,0.7272727272727273,0.7272727272727273,0.9483471074380165,0.9636363636363636,0.0,0.0,0.0,0.0,0.6603773584905661
