brugada_accuracy,brugada_precision,brugada_recall,brugada_f1,brugada_f2,brugada_auc,sudden_death_accuracy,sudden_death_precision,sudden_death_recall,sudden_death_f1,sudden_death_f2,sudden_death_auc
0.7272727272727273,0.4117647058823529,0.5833333333333334,0.4827586206896552,0.5384615384615384,0.7965116279069768,0.9272727272727272,0.0,0.0,0.0,0.0,0.01851851851851849
